﻿Designator,Quantity,Value,Footprint,Package,MPN,DNP,Mount_Type,Description
D1,1,1N5817,Diode THT 30mm,,,,tht,"20V 1A Schottky Barrier Rectifier Diode, DO-41"
JP1,1,Coco/Dragon,PinHeader_1x02_P2.54mm_Horizontal,,,,tht,"Jumper, 2-pole, closed/bridged"
JP2,1,/SLENB,SolderJumper-2_P1.3mm_Open_Pad1.0x1.5mm,,,,tht,"Jumper, 2-pole, small symbol, open"
P1,1,CoCo_Slot,CP400-CART-LONG_v1,,,,tht,
SW1,1,PB_Next,SW_PUSH_6mm_2Holes,,,,tht,"Push button switch, generic, two pins"
SW2,1,PB_Previous,SW_PUSH_6mm_2Holes,,,,tht,"Push button switch, generic, two pins"
U1,1,STM32F407VET6_DevBoard,STM32F407VET6_DevBoard,,,,tht,"STMicroelectronics Arm Cortex-M4 MCU, 1024KB flash, 192KB RAM, 168 MHz, 1.8-3.6V, 82 GPIO, LQFP100"
