﻿pos_x,pos_y,rotation,side,designator,mpn,pack,footprint,value,mount_type
88.3,-102.79,180.0,top,D1,,,Diode THT 30mm,1N5817,tht
110.959158,-56.701576,180.0,top,J1,,,PinSocket_1x04_P2.54mm_Vertical,Conn_01x04,tht
55.325,-66.985,90.0,top,JP1,,,PinHeader_1x02_P2.54mm_Horizontal,Coco/Dragon,tht
89.0,-81.1,0.0,top,P1,,,CP400-CART-LONG_v1,CoCo_Slot,tht
60.772129,-44.234345,180.0,top,SW1,,,SW_PUSH_6mm_2Holes,PB_Next,tht
120.929713,-43.941432,180.0,top,SW2,,,SW_PUSH_6mm_2Holes,PB_Previous,tht
86.3,-75.12,180.0,top,U1,,,STM32F407VET6_DevBoard,STM32F407VET6_DevBoard,tht
